{"schemaVersion":"1.0","appDefinitionTemplate":{"id":"/providers/Microsoft.PowerApps/apps/","type":"Microsoft.PowerApps/apps","tags":{"sp-site-id":"https://mt21.sharepoint.com/sites/Trackers","sp-list-id":"9005f50c-a2cb-49d2-a429-f93aefd83ea4","https://mt21.sharepoint.com/sites/Trackers":"9005f50c-a2cb-49d2-a429-f93aefd83ea4","primaryDeviceWidth":"640","primaryDeviceHeight":"1136","supportsPortrait":"true","supportsLandscape":"true","primaryFormFactor":"Phone","publisherVersion":"3.22041.27","minimumRequiredApiVersion":"2.2.0","hasComponent":"false","hasUnlockedComponent":"false","isUnifiedRootApp":"false","sienaVersion":"20220416T100737Z-3.22041.27.0"},"properties":{"appVersion":"2022-04-16T10:07:37Z","lifeCycleId":"Published","createdByClientVersion":{"major":3,"minor":22041,"build":27,"revision":0,"majorRevision":0,"minorRevision":0},"minClientVersion":{"major":3,"minor":22041,"build":27,"revision":0,"majorRevision":0,"minorRevision":0},"backgroundColor":"RGBA(0,176,240,1)","backgroundImageUri":"/6303135195025423900/Na633a912-0d65-426b-855f-2bf5d1a4c9a4-logoSmallFile","displayName":"Incident Tracker","description":"","commitMessage":"","appUris":{"documentUri":{"value":"/6303135195025423900/N847231cf-760a-48f7-a6b8-890885db1176-document.msapp"},"imageUris":[]},"createdTime":"0001-01-01T00:00:00Z","lastModifiedTime":"0001-01-01T00:00:00Z","sharedGroupsCount":0,"sharedUsersCount":0,"icons":{"smallIconUri":"/6303135195025423900/N151fc610-3543-4d5b-9538-ed270e2b013a-small.png","mediumIconUri":"/6303135195025423900/Ne0f28166-0930-4945-8448-fe99349db5f1-medium.png","largeIconUri":"/6303135195025423900/Nd4bd45d7-d0c2-4e98-bf8f-0ab2b53a8c8c-large.png","wideIconUri":"/6303135195025423900/N4d418811-1010-42df-9593-6aa829a1d1f6-wide.png"},"connectionReferences":{"137682f4-3731-47bb-8f73-189faf52cddb":{"id":"70a6a961-be4e-49cb-a503-8074d733f208","displayName":"SharePoint","iconUri":"https://connectoricons-prod.azureedge.net/releases/v1.0.1568/1.0.1568.2757/sharepointonline/icon.png","dataSources":["Incident"],"dependencies":[],"dependents":[],"parameterHints":{},"parameterHintsV2":{},"isOnPremiseConnection":false,"dataSets":{"https://mt21.sharepoint.com/sites/Trackers":{"dataSources":{"Incident":{"tableName":"9005f50c-a2cb-49d2-a429-f93aefd83ea4"}}}},"apiTier":"Standard","isCustomApiConnection":false,"actions":["providers/PowerPlatform.Governance/Operations/Read","providers/PowerPlatform.Governance/Operations/Write","providers/PowerPlatform.Governance/Operations/Delete"]}},"databaseReferences":{},"almMode":"Environment","performanceOptimizationEnabled":true,"canConsumeAppPass":true,"executionRestrictions":{"isTeamsOnly":false,"dataLossPreventionEvaluationResult":{"status":"Compliant","lastEvaluationDate":"2022-04-16T10:07:53.2983295Z","violations":[],"violationsByPolicy":[],"violationErrorMessage":"The app uses the following connectors: shared_sharepointonline."}}},"appType":"ClassicCanvasApp","appComponents":[]}}